,Model Accuracy,Model Loss,Model Sensitivity,Model Specificity,Model F1,Model Precision,Dataset
0,0.932,90.54715104401112,0.944,0.92,0.932806324110672,0.921875,dataset_6
0,0.944,86.18343232572079,0.956,0.932,0.9446640316205533,0.93359375,dataset_3
0,0.92,99.11440627276897,0.976,0.864,0.9242424242424242,0.8776978417266187,dataset_2
0,0.93,100.0348432213068,0.956,0.904,0.9317738791423001,0.908745247148289,dataset_4
0,0.926,97.04972206056118,0.972,0.88,0.9292543021032504,0.8901098901098901,dataset_5
